<?xml version="1.0" encoding="utf-8"?>
<config>
	<params>
		<param name="@spacer" type="spacer" default="" label="" description="" />
		<param name="readonly" type="radio" default="0" label="Read Only" description="Set yes if you wanna make this field readonly">
			<option value="0" name='No'>No</option>
			<option value="1" name='Yes'>Yes</option>
		</param>
		<param name="type" type="radio" default="text" label="Type" description="Set yes if you wanna set this type">
			<option value="text" name="Text">Text</option>
			<option value="password" name="Password">Password</option>
		</param>
		<param name="min_char" type="text" default="" label="Minimum Character" description="Set the minimum chars on the field" />
		<param name="max_char" type="text" default="" label="Maximum Character" description="Set the maximum chars on the field" />
		<param name="maxlength" type="text" default="" label="Maximum Length" description="Set the maximum length chars on the field" />
		<param name="style" type="text" default="" label="Style Atrribute" description="Use the css code to style the field" />
	</params>
</config>